Illumina, Inc.,,,,,,,,,,,,,,,,,,,,,,,,,;;;;;;;;;
[Heading],,,,,,,,,,,,,,,,,,,,,,,,,,;;;;;;;;;
Descriptor File Name,BS0010894-AQP_content.bpm,,,,,,,,,,,,,,,,,,,,,,,,,;;;;;;;;;
Assay Format,Infinium 2,,,,,,,,,,,,,,,,,,,,,,,,,;;;;;;;;;
Date Manufactured,6/11/2008,,,,,,,,,,,,,,,,,,,,,,,,,;;;;;;;;;
Loci Count ,485553,,,,,,,,,,,,,,,,,,,,,,,,,;;;;;;;;;
[Assay],,,,,,,,,,,,,,,,,,,,,,,,,,;;;;;;;;;
IlmnID,Name,AddressA_ID,AlleleA_ProbeSeq,AddressB_ID,AlleleB_ProbeSeq,Infinium_Design_Type,Next_Base,Color_Channel,Forward_Sequence,Genome_Build,CHR,MAPINFO,SourceSeq,Chromosome_36,Coordinate_36,Strand,Probe_SNPs,Probe_SNPs_10,Random_Loci,Methyl27_Loci,UCSC_RefGene_Name,UCSC_RefGene_Accession,UCSC_RefGene_Group,UCSC_CpG_Islands_Name,Relation_to_UCSC_CpG_Island,Phantom,DMR,Enhancer,HMM_Island,Regulatory_Feature_Name,Regulatory_Feature_Group,DHS;;;;;;;;;
cg00035864,cg00035864,31729416,AAAACACTAACAATCTTATCCACATAAACCCTTAAATTTATCTCAAATTC,,,II,,,AATCCAAAGATGATGGAGGAGTGCCCGCTCATGATGTGAAGTACCTGCTCAGCTGGAAAC[CG]AATTTGAGATAAATTCAAGGGTCTATGTGGACAAGACTGCTAGTGTCTCTCTCTGGATTG,37,Y,8553009,AGACACTAGCAGTCTTGTCCACATAGACCCTTGAATTTATCTCAAATTCG,Y,8613009,F,,,,,TTTY18,NR_001550,TSS1500,,,,,,,,,;;;;;;;;;
cg00050873,cg00050873,32735311,ACAAAAAAACAACACACAACTATAATAATTTTTAAAATAAATAAACCCCA,31717405,ACGAAAAAACAACGCACAACTATAATAATTTTTAAAATAAATAAACCCCG,I,A,Red,TATCTCTGTCTGGCGAGGAGGCAACGCACAACTGTGGTGGTTTTTGGAGTGGGTGGACCC[CG]GCCAAGACGGCCTGGGCTGACCAGAGACGGGAGGCAGAAAAAGTGGGCAGGTGGTTGCAG,37,Y,9363356,CGGGGTCCACCCACTCCAAAAACCACCACAGTTGTGCGTTGCCTCCTCGC,Y,9973356,R,,,,,TSPY4;FAM197Y2,NM_001164471;NR_001553,Body;TSS1500,chrY:9363680-9363943,N_Shore,,,,Y:9973136-9976273,,,;;;;;;
cg00061679,cg00061679,28780415,AAAACATTAAAAAACTAATTCACTACTATTTAATTACTTTATTTTCCATC,,,II,,,TCAACAAATGAGAGACATTGAAGAACTAATTCACTACTATTTGGTTACTTTATTTTCCAT[CG]AAGAAAACCTCTTTTTAAAAACTAACACATAAATAAAATGAACGAAGAACAAACTAAACG,37,Y,25314171,CGATGGAAAATAAAGTAACCAAATAGTAGTGAATTAGTTCTTCAATGTCT,Y,23723559,R,,,,,DAZ1;DAZ4;DAZ4,NM_004081;NM_020420;NM_001005375,Body;Body;Body,,,,,,,,,;;;
cg00063477,cg00063477,16712347,TATTCTTCCACACAAAATACTAAACRTATATTTACAAAAATACTTCCATC,,,II,,,CTCCTGTACTTGTTCATTAAATAATGATTCCTTGGATATACCAAGTCTGGATAGCGGATT[CG]ATGGAAGCATTTTTGTAAATATACGTTCAGTATTTTGTGTGGAAGAACACAATCTAGCTG,37,Y,22741795,CGATGGAAGCATTTTTGTAAATATACGTTCAGTATTTTGTGTGGAAGAAC,Y,21151183,F,rs9341313,rs13447379,,,EIF1AY,NM_004681,Body,chrY:22737825-22738052,S_Shelf,,,,,,,;;;;;;;;;
cg00121626,cg00121626,19779393,AAAACTAATAAAAATAACTTACAAACCAAATACTATACCCTACAACTCTC,,,II,,,AGGTGAATGAAGAGACTAATGGGAGTGGCTTGCAAGCCAGGTACTGTGCCCTACAACTCT[CG]CGCTGCCACAAAAAGCCAATTAACGAAGCAAACTGTTTTATCTTTTCCTCTCCCCAGAAG,37,Y,21664296,AGACTAATGGGAGTGGCTTGCAAGCCAGGTACTGTGCCCTACAACTCTCG,Y,20123684,R,,,,,BCORL2,NR_002923,Body,chrY:21664481-21665063,N_Shore,,,,,,,;;;;;;;;;
cg00212031,cg00212031,29674443,CCCAATTAACCACAAAAACTAAACAAATTATACAATCAAAAAAACATACA,38703326,CCCAATTAACCGCAAAAACTAAACAAATTATACGATCGAAAAAACGTACG,I,T,Red,CCATTGGCCCGCCCCAGTTGGCCGCAGGGACTGAGCAAGTTATGCGGTCGGGAAGACGTG[CG]TTAAAGGGCTGAAGGGGAGGGACGGAACTGACAGTCTCTGTGACAGCTCTGAGGTGGGAG,37,Y,21239348,CGCACGTCTTCCCGACCGCATAACTTGCTCAGTCCCTGCGGCCAACTGGG,Y,19698736,R,,,,,TTTY14,NR_001543,TSS200,chrY:21238448-21240005,Island,,,,Y:19697854-19699393,,,;;;;;;;;;
cg00213748,cg00213748,30703409,TTTTAACACCTAACACCATTTTAACAATAAAAATTCTACAAAAAAAAACA,36767301,TTTTAACGCCTAACACCGTTTTAACGATAAAAATTCTACAAAAAAAAACG,I,A,Red,TCTGTGGGACCATTTTAACGCCTGGCACCGTTTTAACGATGGAGGTTCTGCAGGAGGGGG[CG]ACCTGGGGTAGGAGGCGTGCTAGTGGTGGATGACATTGTGGCAGAGATGGAGGTGGTGGC,37,Y,8148233,CGCCCCCTCCTGCAGAACCTCCATCGTTAAAACGGTGCCAGGCGTTAAAA,Y,8208233,R,,,,,,,,chrY:8147877-8148210,S_Shore,,,,Y:8207555-8208234,,,;;;;;;;;;
cg00214611,cg00214611,69792329,CTAACTTCCAAACCACACTTTATATACTAAACTACAATATAACACAAACA,46723459,CTAACTTCCGAACCGCGCTTTATATACTAAACTACAATATAACGCGAACG,I,A,Red,GCGCCGGCAGGACTAGCTTCCGGGCCGCGCTTTGTGTGCTGGGCTGCAGTGTGGCGCGGG[CG]AGGAAGCTGGTAGGGCGGTTGTCGCAAGCTCCAGCTGCAGCCTCCGCCTACGTGAGAAGA,37,Y,15815688,CGCCCGCGCCACACTGCAGCCCAGCACACAAAGCGCGGCCCGGAAGCTAG,Y,14325082,R,,,,,TMSB4Y;TMSB4Y,NM_004202;NM_004202,1stExon;5'UTR,chrY:15815488-15815779,Island,,,,Y:14324883-14325218,Y:15815422-15815706,Promoter_Associated_Cell_type_specific,;;;;;;
cg00223952,cg00223952,17691457,TTAACTATACAAAAAAATCTCTCCCTTTAAAAAATACAACCAACTTCAAC,,,II,,,TTTCCCCGACATTGGCTGTGCAAAAAGGTCTCTCCCTTTAAAGGGTACAGCCAGCTTCAG[CG]AGGCTGAGGGAAACTCTAAGGTTGGGGCGGGTGTTGACAAAAGAGCACGTCCCGGACTCC,37,Y,4868996,CGCTGAAGCTGGCTGTACCCTTTAAAGGGAGAGACCTTTTTGCACAGCCA,Y,4928996,R,,,,,PCDH11Y,NM_032971,5'UTR,chrY:4870744-4871225,N_Shore,,,,Y:4928638-4929278,,,;;;;;;;;;
cg00243321,cg00243321,36709370,AATACRAAATCTACRAATCCAACRAAAATCCTCAAAAAACCTAAATCCAC,,,II,,,AGACCCGCTCCCTGCAAGACCCACGGGCGTCGCCCTGCTGAGAACCTGGTCCCACACCTA[CG]TGGACCCAGGTTTCCTGAGGACCTCCGCTGGACCCGCAGATCCCGCACTGGCCAAAGGGC,37,Y,6133740,CGTGGACCCAGGTTTCCTGAGGACCTCCGCTGGACCCGCAGATCCCGCAC,Y,6193740,F,,,,,,,,chrY:6133645-6133958,Island,,,,Y:6192225-6194784,,,;;;;;;;;;
cg00271873,cg00271873,11808416,CRCCAAATTTATTCAAACTTCTACAATCTCCCAAATTTTCAAACTTATCC,,,II,,,TTCCTGTCCGACGCCAGGTTTGTTCAGGCTTCTGCAGTCTCCCAAGTTTTCAGGCTTGTC[CG]ACACTTCTTGACTGAAGAATGATAATGTTTTTGGTAAGACTGTGCCACTGACAGATGATC,37,Y,14649908,CGGACAAGCCTGAAAACTTGGGAGACTGCAGAAGCCTGAACAAACCTGGC,Y,13159918,R,,,,,,,,chrY:14649050-14649669,S_Shore,,,,,,,;;;;;;;;;
cg00272582,cg00272582,73678371,AAATCTAAAAACCTACAACAATAAAATCTATCRCCTTAACTAAAACTAAC,,,II,,,ACTGAGGGCGGGGGTCTAAGGGCCTGCAACAATGAGATCTGTCGCCTTGGCTAGGACTGG[CG]CCGAGAGGCGATAGGTCTCGGGAGAGCCTGGCGCAGGGTGTGGGAGATTAGGAATCCCAG,37,Y,2802965,GGTCTAAGGGCCTGCAACAATGAGATCTGTCGCCTTGGCTAGGACTGGCG,Y,2862965,R,,,,,ZFY;ZFY;ZFY,NM_003411;NM_001145276;NM_001145275,TSS1500;TSS200;TSS1500,chrY:2802964-2804283,Island,,,,Y:2862947-2864321,,,;;;
cg00308367,cg00308367,69737444,AAAACCAATCAACTACRACAACAATAAAAACAATAACTCCAAATCTAAAC,,,II,,,AGCTCCAACACAGGGCCAGTCAACTGCGGCAACAGTGAGGACAGTAGCTCCAGGTCTGGG[CG]GAAGGTGGTGCGGTGAAAGGTGCAGGGACAGACTGGGTTAGAGGCCACTCTTGGTCTTAT,37,Y,21868532,CGCCCAGACCTGGAGCTACTGTCCTCACTGTTGCCGCAGTTGACTGGCCC,Y,20327920,R,,,TRUE,,KDM5D;KDM5D;KDM5D,NM_001146706;NM_004653;NM_001146705,Body;Body;Body,,,,,,,,,;;;
cg00311963,cg00311963,21726474,AATATAAAACRACTACTTCTCTAAATTCATAAACTACAAAAAACCTTTAC,,,II,,,GACTAGGATAAGAAGACACCACACACCCGGACATCAGCAGAGCATGTCCAGCACCCAGCA[CG]CAAAGGCCTCCTGCAGCTCATGAACCCAGAGAAGCAGCCGCCTCACACCACCCTGCCCCC,37,Y,9747781,CGCAAAGGCCTCCTGCAGCTCATGAACCCAGAGAAGCAGCCGCCTCACAC,Y,10357781,F,,,,,LOC100101121;TTTY23,NR_003593;NR_001540,TSS1500;TSS1500,chrY:9745559-9745993,S_Shore,,,,,,,;;;;;;
cg00335297,cg00335297,53713392,ATCCTTATAAAATTTCAACTTCTATTACAAACAAATTCCACCCCAACAAC,,,II,,,GACCTTAGAGAGTCCTTGTGGGGTTTCAGCTTCTATTGCAGACAAATTCCACCCCAGCAA[CG]TACCAGTCGACTTTCCTCACAGGCAACCGCCCTGCCCCACTCCCCTCAAACCACCGCCGC,37,Y,24454527,CGTTGCTGGGGTGGAATTTGTCTGCAATAGAAGCTGAAACCCCACAAGGA,Y,22863915,R,,,,,RBMY1F;RBMY2FP,NM_152585;NR_002193,TSS1500;TSS1500,chrY:24454804-24455083,N_Shore,,,,Y:22863915-22863999,,,;;;;;;
cg00455876,cg00455876,27653438,AACTCTAAACTACCCAACACAAACTCCAAAAACTTCTCAAAAAAAACTCA,69732350,AACTCTAAACTACCCGACACAAACTCCAAAAACTTCTCGAAAAAAACTCG,I,A,Red,CGCGTGTGCCTGGACTCTGAGCTACCCGGCACAAGCTCCAAGGGCTTCTCGGAGGAGGCT[CG]GGGACGGAAGGCGTGGGGTGAGTGGGCTGGAGATGCAGGCGCGCCCGTGGCTGTGCAGCC,37,Y,9385539,GACTCTGAGCTACCCGGCACAAGCTCCAAGGGCTTCTCGGAGGAGGCTCG,Y,9995539,R,,,,,,,,chrY:9385471-9385777,Island,,,,Y:9993394-9995882,,,;;;;;;;;;
cg00479827,cg00479827,45616421,CTAAACTAACACATTCACRTTTTCRTAAAATTTACTACRAAAATCTTACC,,,II,,,TGCTGGATTACCTGAACTGACACATTCACGTTTTCGTAAAATTTACTGCGAAAGTCTTAC[CG]TCTTGCAGCTTCCTTGCAAAACTGTAACTTCCCCAAAACCACAACCTTGCAGCTCCATTT,37,Y,21036986,CGGTAAGACTTTCGCAGTAAATTTTACGAAAACGTGAATGTGTCAGTTCA,Y,19496374,R,,,,,NCRNA00185,NR_001544,Body,,,,,,,,,;;;;;;;;;
cg00543493,cg00543493,14612378,ACAATCTACCTCTACRCAAAAACTCTCCAAAAAATTAAATAACAAACCTC,,,II,,,TCGTGTGCCAAACAATCTACCTCTGCGCAAGAACTCTCCAGAGGATTGGGTGGCAAGCCT[CG]TGACGCCTTGCAATTTCGCAAGAACACAGACAATGTGGAACAGGGCCATCTCCCAGACAT,37,Y,9342875,CGAGGCTTGCCACCCAATCCTCTGGAGAGTTCTTGCGCAGAGGTAGATTG,Y,9952875,R,,,,,TSPY4,NM_001164471,Body,chrY:9343351-9343614,N_Shore,,,,Y:9952798-9955960,,,;;;;;;;;;
cg00576139,cg00576139,22668323,TACTTCCTAAAATTTCCRACAACCAAAAAATCTATAACRAATAACAATCC,,,II,,,AAAGTTCTTTTTGCTTCCTGAAATTTCCGGCAGCCAAAAGATCTATAGCGAGTGGCAGTC[CG]ATCCAGCAAGAGCCAATGAAAGATCCACTCCACAGTGAAGAAGGACATGCAGATGAAGTG,37,Y,6312218,CGGACTGCCACTCGCTATAGATCTTTTGGCTGCCGGAAATTTCAGGAAGC,Y,6372218,R,,,,,LOC100101115;TTTY21,NR_003588;NR_001535,Body;Body,,,,,,,,,;;;;;;
cg00599377,cg00599377,34758329,AACCTACCRAATACCATAAAAACTACRACAAAATTCCTATAACTTAAATC,,,II,,,GCCTCCATCCTGAAGGCGGTGCCCTCCTCGGCACTCGCACACACCAAGGCCTGTGCTGCC[CG]ACCCAAGCCACAGGAACCCTGCCGCAGCCTCTATGGCACCCGGTAGGTCAGCGAGCCCTC,37,Y,9745678,ACCTACCGGGTGCCATAGAGGCTGCGGCAGGGTTCCTGTGGCTTGGGTCG,Y,10355678,F,,,,,,,,chrY:9745559-9745993,Island,,,,Y:10355560-10355993,,,;;;;;;;;;
cg00639218,cg00639218,50743409,ATTTTTAAACAAAAAAACCCAAAAAAACCCTAAATTTTAAAACTCCTTCC,,,II,,,AAGTGAATGGCACACAGGACAAGTCCAGACCCAGGAAGGTCCAGTAACATGGGAGAAGAA[CG]GAAGGAGTTCTAAAATTCAGGGCTCCCTTGGGCTCCCCTGTTTAAAAATGTAGGTTTTAT,37,Y,14096487,CGGAAGGAGTTCTAAAATTCAGGGCTCCCTTGGGCTCCCCTGTTTAAAAA,Y,12606487,F,,,,,,,,chrY:14100002-14100593,N_Shelf,,,,,,,;;;;;;;;;
cg00676506,cg00676506,10774483,AAAATTTCAATTCCAAATTCCRCCTCRAATAACCAACCTATTATTCTTCC,,,II,,,GAATCAGTATCAGAAACTGAATATGCTAAGAAACTCAGTTCCGAGCTGTGACCTCTACAA[CG]GAAGAATAATAGGTTGGTTACCCGAGGCGGAATCTGGAACTGAAATTCTCACTCATTTGA,37,Y,22917913,CGGAAGAATAATAGGTTGGTTACCCGAGGCGGAATCTGGAACTGAAATTC,Y,21327301,F,,,,,RPS4Y2,NM_001039567,TSS200,,,,,,Y:21327301-21327921,,,;;;;;;;;;
cg00679624,cg00679624,47712346,CACCCAAAAAATTCCRTAACRAATACCATTTATCTACAACCTTATAACTC,,,II,,,ACCATGCAAGGGGCTGTCGACTGGGGAGAGGGGGTTGAAGATGCGCAGGACGCATCACTG[CG]AGCCATAAGGTTGCAGACAAATGGCATTCGTCACGGAATTCCCTGGGTGGTTCGCCCGAG,37,Y,17568445,ACCCAGGGAATTCCGTGACGAATGCCATTTGTCTGCAACCTTATGGCTCG,Y,16077839,F,,,,,,,,chrY:17567579-17568617,Island,,,,Y:16076834-16078034,,,;;;;;;;;;
cg00762184,cg00762184,19614474,TTCTTAAATCACTACAAAAACAATTTCACTAAACTTCACTTTTCTTTCTC,,,II,,,TGGTGCTGGTGTCGGGACCGGGAGATAGGAGTGTCTCAGGAGAGACCTGGCCGAAAACCG[CG]AGAAAGAAAAGTGAAGCCTAGTGAAACTGCCTTTGCAGTGACTCAAGAAAAACTCATCAC,37,Y,14774526,TCTTGAGTCACTGCAAAGGCAGTTTCACTAGGCTTCACTTTTCTTTCTCG,Y,13283920,F,,,,,TTTY15,NR_001545,Body,,,,,,Y:13283751-13284160,,,;;;;;;;;;
cg00789540,cg00789540,28605343,AAACCTCTAAATCTACAAAACAACRTACAATTATATACACRCAAAATATC,,,II,,,TGCACGTGCGGGAGCCTCTAGGTCTGCAAGGCAGCGTACAATTGTGTGCACGCAGGATAT[CG]ACGGCCAACCTGGCGGCTGGTCTCCGGTGTGCCTAGGGCATAGGACGAGAGGCACTTTGG,37,Y,9706621,AGCCTCTAGGTCTGCAAGGCAGCGTACAATTGTGTGCACGCAGGATATCG,Y,10316621,R,,,,,,,,chrY:9706548-9706841,Island,,,,Y:10316328-10317521,,,;;;;;;;;;
cg00876332,cg00876332,55769416,CRAAACTATATCAAATTATCRAAACTAAAAAATCTTTAAAAATCACTTAC,,,II,,,CGTTTTGCCAGCCGAGCACGCCGTCGTGGCCCGGCAGCCCTGGTCTGCGGGCCAGCCCTC[CG]CAAGTGACTTTTAAAGACTTTCTAGCCTCGATAATCTGACATAGTTCCGACCTCACCCCG,37,Y,21664717,GGAACTATGTCAGATTATCGAGGCTAGAAAGTCTTTAAAAGTCACTTGCG,Y,20124105,F,,,,,BCORL2,NR_002923,Body,chrY:21664481-21665063,Island,,,,Y:20123793-20124451,,,;;;;;;;;;
cg00903245,cg00903245,42639338,CCTTTCATAATATTTCTCCCAAACCAATCATATTTTATTTCCATAACCCC,,,II,,,ATGGGAAGGCAGGGCAGCGGGAGTGAGGATGGCAGAGAGGATTACACATGTCAAGGCAGC[CG]GGGTCATGGAAACAAAACATGACTGGCCTGGGAGAAACACTATGAAAGGACATACACCTA,37,Y,9321293,CGGGGTCATGGAAACAAAACATGACTGGCCTGGGAGAAACACTATGAAAG,Y,9931293,F,,,,,TSPY4;FAM197Y2,NM_001164471;NR_001553,Body;Body,chrY:9323067-9324246,N_Shore,,,,,,,;;;;;;
cg00975375,cg00975375,25656427,AAACCTCTAAATCTACAAAACAACRCACAATTATATACACRCAAAATATC,,,II,,,CCAAAGTGCCTCTCGTCCTATGCCCTAGGCACACCGGAGACCAGCCGCCAGGTTGGCCGT[CG]ATATCCTGCGTGCACACAATTGTGCGCTGCCTTGCAGACCTAGAGGCTCCCGCACGTGCA,37,Y,6173766,AGCCTCTAGGTCTGCAAGGCAGCGCACAATTGTGTGCACGCAGGATATCG,Y,6233766,F,,,,,,,,chrY:6173546-6173839,Island,,,,Y:6232842-6234060,,,;;;;;;;;;
cg01053349,cg01053349,10737353,ACRCCTATCACTTTCTTCCTATTTAATTTTACTCTAATATTATTCTTCCC,,,II,,,TAATCAACAATTTGTTCCTGATATATCTAGATGAGCCAGTGAGACAATTATAAGTAATAA[CG]GGAAGAACAATACCAGAGTAAAATCAAATAGGAAGAAAGTGATAGGCGTATTTACACTAA,37,Y,3446859,CGGGAAGAACAATACCAGAGTAAAATCAAATAGGAAGAAAGTGATAGGCG,Y,3506859,F,rs2924403,,,,TGIF2LY,NM_139214,TSS1500,,,,,,,,,;;;;;;;;;
cg01061520,cg01061520,61760464,TAACCTATAAATAAACRAAAACTCAAAACRCATACACCTAACTTCCAAAC,,,II,,,TGCCCTTTCTGTAGCCTGTGGGTGGGCGGGAACTCAGGGCGCATGCACCTGGCTTCCAGG[CG]CCACCTAACGGACTGCACTCAAAGGGCACCTGGAGCCGCGCCAAGACCGCCAGCCTCCCC,37,Y,9478342,CGCCTGGAAGCCAGGTGCATGCGCCCTGAGTTCCCGCCCACCCACAGGCT,Y,10088342,R,,,,,,,,chrY:9478175-9478445,Island,,,,Y:10088176-10088729,,,;;;;;;;;;
cg01073572,cg01073572,71773431,CCCCTTAATTATCTAAAACCACAAATATACAACRAATAACCTCCTTCATC,,,II,,,ACTTAAAAGCCAAAATTTCATCAGCTAACAGGCTTAGAGTATGGAGCCTAAAGGACCTGT[CG]ATGAAGGAGGTTATTCGTTGCATATCTGTGGTTTTAGACAATCAAGGGGGTTGTTTTTTT,37,Y,16924422,CCCTTGATTGTCTAAAACCACAGATATGCAACGAATAACCTCCTTCATCG,Y,15433816,F,,,TRUE,,NLGN4Y;NLGN4Y;NLGN4Y,NR_028318;NM_014893;NR_028319,Body;Body;Body,,,,,,,,,;;;
cg01086462,cg01086462,39802405,AATAAACCATCCCTAATTAACCCTACCTACTTAATATACACCATACCTAC,,,II,,,CGCCTGCTTTAAATAGACCATCCCTGATTGACCCTGCCTGCTTAATGTACACCATACCTG[CG]TTATCGCACCTCCTTTAAATACACAACACTTGATTGACCCTGCCTGCTTTATGTAGACAC,37,Y,7429349,CGCAGGTATGGTGTACATTAAGCAGGCAGGGTCAATCAGGGATGGTCTAT,Y,7489349,R,,,,,,,,chrY:7428179-7428424,S_Shore,,,,,,,;;;;;;;;;
cg01141334,cg01141334,64638362,ACCACAAATACTCAAAACACTTTAAATATAAAAAACCCTATTCCAAACAC,,,II,,,CAACGCAGCCCCCGGCGCGTGTCACCCTGCTCCTTCGTGGGTCGCCTTCGCCCACACTAG[CG]TGTTTGGAACAGGGCTTCCCACACCCAAAGTGCCCTGAGCACCTGTGGCTCTCCAACAGG,37,Y,13477785,CCACAGGTGCTCAGGGCACTTTGGGTGTGGGAAGCCCTGTTCCAAACACG,Y,11937785,F,,,,,,,,chrY:13477252-13478448,Island,,,,Y:11936881-11939116,,,;;;;;;;;;
cg01209756,cg01209756,18744490,TTCCAAAAAACTCCAACCATAACAAACAAAACCATACACTAAACCATCTC,,,II,,,CCCGAAGTCTGTGCAGCGGATGGACACCTCTGGCGTCCTCACTCAGCAGCAGGGCGGCGC[CG]AGATGGTCCAGTGCATGGCCTTGTCTGCTATGGCTGGAGCCCCTTGGAAGCCGGCAGAAG,37,Y,19671414,TCCAAGGGGCTCCAGCCATAGCAGACAAGGCCATGCACTGGACCATCTCG,Y,18180808,F,,,,,,,,chrY:19671324-19671587,Island,,,,Y:18180750-18181287,,,;;;;;;;;;
cg01215343,cg01215343,72740437,CRAAAACCRCTAATAATAAAACCCTAAACACTACAATCCRCCTATAATTC,,,II,,,GCCTTCGTGCTCGGAGGCCGCTGGTGGTGAGACCCTGGGCACTGCAGTCCGCCTGTGGTT[CG]CTGCCCAAACGTTGGGGCCGCCCCGTGCCGGCCTTGCACGAGTGGCTGCTGGTCACTCAC,37,Y,10034551,GGAGGCCGCTGGTGGTGAGACCCTGGGCACTGCAGTCCGCCTGTGGTTCG,Y,10644551,R,,,,,,,,chrY:10032933-10034686,Island,,,,Y:10643030-10644855,,,;;;;;;;;;
cg01311227,cg01311227,31763489,CTCACTCATCTAACTTCCTACRATTTACRACAACAAACTTTAATTACACC,,,II,,,GAACTAAACTTCTCACTCATCTGACTTCCTGCGGTTTACGACAACAGACTTTGGTTGCAC[CG]GAAAAGAACAGATTCTCTTCCGTCGCAGAGTTTCGCCATGGTAAGACCGATAGTTCCTAA,37,Y,2709627,CGGTGCAACCAAAGTCTGTTGTCGTAAACCGCAGGAAGTCAGATGAGTGA,Y,2769627,R,,,,,RPS4Y1;RPS4Y1,NM_001008;NM_001008,1stExon;5'UTR,,,low-CpG:2769596-2769649,,,,Y:2709386-2709723,Unclassified_Cell_type_specific,;;;;;;
cg01375382,cg01375382,41620492,AAAAAAAATCTATTCTTTTCCRATACAACCAAAATCTATTATCRTAAACC,,,II,,,GAACTCTACAGCGGAAGAATAAGAAACCGGAACTAAACTTCTCACTCATCTGACTTCCTG[CG]GTTTACGACAACAGACTTTGGTTGCACCGGAAAAGAACAGATTCTCTTCCGTCGCAGAGT,37,Y,2709598,AAGAGAATCTGTTCTTTTCCGGTGCAACCAAAGTCTGTTGTCGTAAACCG,Y,2769598,F,,,,,RPS4Y1,NM_001008,TSS200,,,low-CpG:2769596-2769649,,,,Y:2709386-2709723,Unclassified_Cell_type_specific,;;;;;;;;;
cg01426558,cg01426558,29643447,AACRTTAATTATAACACACCTACAAAAAAACCTAAACCTAAACCCTTAAC,,,II,,,GGTCATTCAGTATATAATTGTTTCATTGTTTCGTGAAAACAAGGGACCTATGCCAGGGTG[CG]TTAAGGGCCTAGGCCTAGGTCCCCTTGTAGGTGTGTTATAATCAACGTCATTCAGTATGT,37,Y,15015682,ACGTTGATTATAACACACCTACAAGGGGACCTAGGCCTAGGCCCTTAACG,Y,13525076,F,,,,,DDX3Y;DDX3Y,NM_001122665;NM_004660,TSS1500;TSS1500,chrY:15016544-15017298,N_Shore,,,,,,,;;;;;;
cg01463110,cg01463110,10715421,AAAAATACATATAAATACCCCAAAAAACTAAATCACAAAATTCACACAAC,,,II,,,AGTCTCAGTTAACCAGAAGGCAGCTGTCTTTATTTAGTTACCTAGGTAAACAGCCAGATA[CG]CTGTGTGAACTCTGTGACCCAGCCTCCTGGGGTACCCATATGCATTTTCTCCAGCAAAAG,37,Y,14648161,CGCTGTGTGAACTCTGTGACCCAGCCTCCTGGGGTACCCATATGCATTTT,Y,13158171,F,,,,,,,,chrY:14649050-14649669,N_Shore,,,,,,,;;;;;;;;;
cg01498999,cg01498999,13673406,CTTCTAAACAACCCATCAATATTATCAAAAATTTTAAAAAATATAAACCC,,,II,,,GCAAGGCAGTGCTTCTAAACAGCCCATCAGTATTATCAAGAATTTTGAAAAATATGAGCC[CG]GCACTGTGGCTCCTGCCTATCCTCCCAGTACTTTGGGAGGCTGAGGTGTGAGGATTGCTT,37,Y,16939383,CGGGCTCATATTTTTCAAAATTCTTGATAATACTGATGGGCTGTTTAGAA,Y,15448777,R,,,,,NLGN4Y;NLGN4Y;NLGN4Y,NR_028318;NM_014893;NR_028319,Body;Body;Body,chrY:16941822-16942188,N_Shelf,,,,,,,;;;
cg01523029,cg01523029,18756452,CRTCTTAAACACCTTACRTTTCTAAAATAAACCTACTAAAAACAAACACC,,,II,,,CGCCGCGAACCCGTCTTAAGCACCTTGCGTTTCTGGGGTGAGCCTGCTGGAAACAGGCAC[CG]AGAGCAGGGGTGGTTCAATGGCTGGTAATGGCATACAGATTCCCCGTCCTCCAGGGACGT,37,Y,9234365,CGGTGCCTGTTTCCAGCAGGCTCACCCCAGAAACGCAAGGTGCTTAAGAC,Y,9294365,R,,,,,TSPY4,NM_001164471,Body,chrY:9234221-9235400,Island,,,,Y:9293666-9296814,,,;;;;;;;;;
cg01644972,cg01644972,59625465,ATATCCTAATAAAATCTACTAAATATCAATCATTTAACCRTACCTCAACC,,,II,,,CAAACTCTCCGGTATCCTGATGGAGTCTACTAGGTGTCAGTCATTTGGCCGTGCCTCAGC[CG]AAGAGAGGCGGGGAAAAGCATCGTAATCAGCTGCGTCGCCTTTTGGTGACGCCAGAGAGT,37,Y,22737556,CGGCTGAGGCACGGCCAAATGACTGACACCTAGTAGACTCCATCAGGATA,Y,21146944,R,,,,,EIF1AY,NM_004681,TSS200,chrY:22737825-22738052,N_Shore,,,,Y:21146854-21147440,,,;;;;;;;;;
cg01707559,cg01707559,45652402,ACAAATTAAAAACACTAAAACAAACACAACAACTACAACAACAAAAAACA,64689504,GCGAATTAAAAACACTAAAACGAACGCGACGACTACAACGACAAAAAACG,I,A,Red,AGCGGCCGCTCCCAGTGGTGGTCACCGCCAGTGCCAATCCCTTGCGCCGCCGTGCAGTCC[CG]CCCTCTGTCGCTGCAGCCGCCGCGCCCGCTCCAGTGCCCCCAATTCGCGCTCGGGAGTGA,37,Y,6778695,CGCCCTCTGTCGCTGCAGCCGCCGCGCCCGCTCCAGTGCCCCCAATTCGC,Y,6838695,F,,,,,TBL1Y;TBL1Y;TBL1Y,NM_134259;NM_033284;NM_134258,TSS200;TSS200;TSS200,chrY:6778574-6780028,Island,,,,Y:6838022-6839951,,,;;;
cg01757887,cg01757887,59609499,TTTTTACCTATACCATTCCCACAAACATCATTATAACATATCACTATCTC,,,II,,,GTCATGTTAAATTTTTGCCTGTGCCATTCCCACAGACATCATTGTGACATATCACTGTCT[CG]TATGTCATACAACCACTTAGGTGATGTAACTCTCCTCATGACAATGGGCCCTGCACACAG,37,Y,25114810,CGAGACAGTGATATGTCACAATGATGTCTGTGGGAATGGCACAGGCAAAA,Y,23524198,R,,,,,TTTY4;TTTY4B;TTTY4C,NR_001525;NR_002178;NR_002177,Body;Body;Body,,,,,,,,,;;;
cg01828798,cg01828798,25710468,TTTTTATATCCTTAATAATTCCACAATTTATTCCTAAAATTATATTTAAC,,,II,,,ATCCTGCAGATTTTTTGTGTCCTTAATGATTCCACAATTTATTCCTGGGGTTGTATTTGA[CG]TTTCTTCAGGCTGGCTCTTGTCTGCCCTCTCTTGGGATCATGGAACTATCCCATCTATCC,37,Y,8571457,CGTCAAATACAACCCCAGGAATAAATTGTGGAATCATTAAGGACACAAAA,Y,8631457,R,,,,,TTTY19,NR_001549,TSS1500,,,,,,,,,;;;;;;;;;
cg01882666,cg01882666,52682510,CACCCRACAAAAATACCAAATATATACTAAAATACAAAACCAAAAATAAC,,,II,,,TGCTGGTTTCCTCCAAGCCCAGCGAGCTCTGGAAGGGAGCCTGACATAGATGGCTGAATT[CG]CCACTCCTGGCTTTGTACTCTAGTATATATCTGGTACTTTTGTCGGGTGGGTCATTATTT,37,Y,17571429,CGCCACTCCTGGCTTTGTACTCTAGTATATATCTGGTACTTTTGTCGGGT,Y,16080823,F,rs13305850,,,,,,,chrY:17567579-17568617,S_Shelf,,,,,,,;;;;;;;;;
cg01900066,cg01900066,20750401,AACACCCCAATATTTCCAATATTAAAATAATTAATTACCACTTATTATTC,,,II,,,TTAAAGTGTGGCAGTTTTGAGTAGTAACTTAGAATGTATAAGATTAAGAGTTAAAGAAAC[CG]AACAATAAGTGGCAACCAATTATCTTAACATTGGAAATACTGGGGTGCCATTTTGTTTTC,37,Y,22754881,GCACCCCAGTATTTCCAATGTTAAGATAATTGGTTGCCACTTATTGTTCG,Y,21164269,F,,,,,EIF1AY,NM_004681,3'UTR,,,,,,,,,;;;;;;;;;
cg01911472,cg01911472,15665460,AAAAACTAAAAACACCTAAAAACTCTTCCCACTCAAAATCCTAATAATAC,,,II,,,CCTGTTTTGGGGACTTTAGATTGGGGGTAGGATAGAGGATGCCCTGGTCACCAACTGCAG[CG]TACTACTAGGATCCTGAGTGGGAAGAGTTTTTAGGTGTTCTTAGTCTTCTTTTACCCAAG,37,Y,6781164,AAGACTAAGAACACCTAAAAACTCTTCCCACTCAGGATCCTAGTAGTACG,Y,6841164,F,,,,,TBL1Y;TBL1Y;TBL1Y,NM_134259;NM_033284;NM_134258,5'UTR;5'UTR;5'UTR,chrY:6778574-6780028,S_Shore,,,,,,,;;;
cg01943289,cg01943289,32700319,AATTACTATACAAAACACAACCAACCAAATAAACTTCCTTAATCTATACC,,,II,,,TTATTACCTCGATTGTGATGATGGTTCCGTGGGTTTACGCCTATGTCCGAACTCGTCAAA[CG]GTACAGATTAAGGAAGTCCATTTGGCTGGTTGTGTTTTGTATAGCAATTCCACCTCAATA,37,Y,22917296,CGGTACAGATTAAGGAAGTCCATTTGGCTGGTTGTGTTTTGTATAGCAAT,Y,21326684,F,,,,,RPS4Y2,NM_001039567,TSS1500,,,,,,,,,;;;;;;;;;
cg01984154,cg01984154,48628451,AACTCTCTACCTCTACCCCTCCAACTTCATAAAACAAATCTTTACATCAC,,,II,,,AGGATGTCACATACAAAAAATGTGGAGGACAGTTGGGTGATAGGAATGCATTCAGCAGGC[CG]TGATGCAAAGACTTGCTTCATGAAGTTGGAGGGGCAGAGGTAGAGAGCTTGCATTTCAGA,37,Y,2718782,GCTCTCTACCTCTGCCCCTCCAACTTCATGAAGCAAGTCTTTGCATCACG,Y,2778782,F,,,,,RPS4Y1,NM_001008,Body,,,,,,,,,;;;;;;;;;
cg01988452,cg01988452,17744441,TTTCTAATACATACAAACTACCAAAACTAACTTAAAAATAAATACAACAC,,,II,,,AAATGAACAAATTTCTGGTACATACAAACTACCAGAACTGACTTGGGAATAAATACAGCA[CG]AATTCATAATCCAAACTAAGGCCTAGGACCATTTAAAAAATTTACATCAATCCTCGAATG,37,Y,22736528,CGTGCTGTATTTATTCCCAAGTCAGTTCTGGTAGTTTGTATGTACCAGAA,Y,21145916,R,,,,,EIF1AY,NM_004681,TSS1500,chrY:22737825-22738052,N_Shore,,,,,,,;;;;;;;;;
cg02002345,cg02002345,44652403,TAAAATCCCAATACACTCAACAATTTATAACCTCACTTACTCCTCCTCCC,,,II,,,GATCGACCCCTTAAAAATTCATCTCGGGTTCCCGTCCCCCCACAACCTGAGCGTCTAACG[CG]GGAGGAGGAGCAAGTGAGGTTATAAATTGCTGAGTGTACTGGGATCTTAGCACAAAGCTC,37,Y,6777855,CGGGAGGAGGAGCAAGTGAGGTTATAAATTGCTGAGTGTACTGGGATCTT,Y,6837855,F,,,,,TBL1Y;TBL1Y;TBL1Y,NM_033284;NM_134259;NM_134258,TSS1500;TSS1500;TSS1500,chrY:6778574-6780028,N_Shore,,,,Y:6837762-6837856,,,;;;
cg02004872,cg02004872,25785404,ACATACCTCTACAAAAAAAACTATAAAAATATCACAACACAACACCACCA,58629399,ACATACCTCTACAAAAAAAACTATAAAAATATCACAACGCAACGCCGCCG,I,C,Grn,GCCCCGAGCCGTCTCCCAGCCTCAGACGGCTCTGCGGGCTGCATCTGTGCAGCCTGGCAG[CG]GCGGCGCTGCGCTGTGACATTTTCACAGCCCTTCTTGCAGAGGCATGTGTGCTAGGGATG,37,Y,15815552,CGGCGGCGCTGCGCTGTGACATTTTCACAGCCCTTCTTGCAGAGGCATGT,Y,14324946,F,rs9786739,,,,TMSB4Y;TMSB4Y,NM_004202;NM_004202,1stExon;5'UTR,chrY:15815488-15815779,Island,,,,Y:14324883-14325218,Y:15815422-15815706,Promoter_Associated_Cell_type_specific,;;;;;;
cg02011394,cg02011394,26790302,ATAAAACCAATTTCTCAACAAAACAACACCCATAAATCTTACAAAAAACA,62667449,ATAAAACCAATTTCTCAACAAAACGACGCCCGTAAATCTTACAAAAAACG,I,A,Red,AGCCCAGCCCAGCCCATGCCCCGCACCCGTAGGCTCTGGGGGCCCGCTCCCCAGCAGACC[CG]CTCCCTGCAAGACCCACGGGCGTCGCCCTGCTGAGAAACTGGTCCCACACCTACGTGGAC,37,Y,9194502,GTGGGACCAGTTTCTCAGCAGGGCGACGCCCGTGGGTCTTGCAGGGAGCG,Y,9254502,F,,,,,TSPY4,NM_001164471,TSS1500,chrY:9193597-9194776,Island,,,,Y:9253058-9256190,,,;;;;;;;;;
cg02012379,cg02012379,30653507,ACACCTATAAATCAATATCAAAAACTAAATATACTAAAAAACTCAATTCC,,,II,,,TGGCATAACTGACACCTATGAATCAGTATCAGAAACTGAATATGCTAAGAAACTCAGTTC[CG]AGCTGTGACCTCTACAACGGAAGAATAATAGGTTGGTTACCCGAGGCGGAATCTGGAACT,37,Y,22917894,CGGAACTGAGTTTCTTAGCATATTCAGTTTCTGATACTGATTCATAGGTG,Y,21327282,R,,,,,RPS4Y2,NM_001039567,TSS200,,,,,,,,,;;;;;;;;;
cg02050847,cg02050847,43656343,CAAATAAATCCAAAACTAAAACACAAACATCTTACCATAACAAAATCCCA,73683470,CAAATAAATCCGAAACTAAAACGCAAACGTCTTACCATAACGAAATCCCG,I,C,Grn,CCCGCTGTTTATCACCGCAGATTACGGTTGCACCGTAAAAGGAGAGGTTCTGTTCCGTCG[CG]GGATTTCGCCATGGTAAGACGTCTGCGTCCTAGCTCCGGATTTATCTGCCTCCATCCTTT,37,Y,22918038,CAGATAAATCCGGAGCTAGGACGCAGACGTCTTACCATGGCGAAATCCCG,Y,21327426,F,,,,,RPS4Y2;RPS4Y2,NM_001039567;NM_001039567,1stExon;5'UTR,,,,,,Y:21327301-21327921,,,;;;;;;
cg02056550,cg02056550,22681329,AACATAAAAACATTATTCTCCCACTTCTATAAAAAAAATACTTAATTCCC,,,II,,,AATGAAAGGAAACAGCCTTTCCAAGTGAAAGCCAGACACGTCTTTCTGCTTCTCATAGTA[CG]GGAATCAAGCATCCCTCCCATAGAAGTGGGAGAACAATGTCTCCATGTTGTTGGCTGTAA,37,Y,8552374,CGGGAATCAAGCATCCCTCCCATAGAAGTGGGAGAACAATGTCTCCATGT,Y,8612374,F,,,,,TTTY18,NR_001550,TSS1500,,,,,,,,,;;;;;;;;;
cg02105393,cg02105393,17612397,ACCTAAATACCCRAATTACCACCTACTAAAACRAATAACTATAAACTCTC,,,II,,,GGCGTCCGTTCGGGCGCCGGGGTCATTTCGCCCCTCAGCGCTCCCGGCTCTGTGCCCTTC[CG]AGAGTCTACAGCCACCCGTTTCAGCAGGTGGCAATTCGGGCATCTAGGCTCACGAGAGCA,37,Y,2804282,CCTAGATGCCCGAATTGCCACCTGCTGAAACGGGTGGCTGTAGACTCTCG,Y,2864282,F,,rs76234727,,,ZFY;ZFY;ZFY,NM_003411;NM_001145275;NM_001145276,5'UTR;5'UTR;5'UTR,chrY:2802964-2804283,Island,,,,Y:2862947-2864321,Y:2803970-2804332,Promoter_Associated_Cell_type_specific,;;;
cg02107461,cg02107461,72697448,CTACTAAATACCRAAAACAACACAATCCAAAAATTCTCCACCATAACAAC,,,II,,,GTCAAAAAATAGAGGACACTGACAGTAGAGTAAAGGTAAAATGGAGTCCAACTCAGTTCA[CG]CTGCTATGGTGGAGAATCCCTGGATTGTGCTGTCTTCGGCATTCAGCAGCTCAAGCAGGA,37,Y,14103651,CGCTGCTATGGTGGAGAATCCCTGGATTGTGCTGTCTTCGGCATTCAGCA,Y,12613651,F,,,,,,,,chrY:14107137-14107480,N_Shelf,,,,,,,;;;;;;;;;
cg02126249,cg02126249,26671452,AAAAAACCTAAATCCACRTAAATATAAAACCAATTTCTCAACAAAACRAC,,,II,,,GCACCCGTAGGCTCTGGGGGCCCGCTCCCCAGCAGACCCGCTCCCTGCAAGACCCACGGG[CG]TCGCCCTGCTGAGAAACTGGTCCCACACCTACGTGGACCCAGGTTTCCTGAGGAGCTCCG,37,Y,9194524,GGAAACCTGGGTCCACGTAGGTGTGGGACCAGTTTCTCAGCAGGGCGACG,Y,9254524,F,,,,,TSPY4,NM_001164471,TSS1500,chrY:9193597-9194776,Island,,,,Y:9253058-9256190,,,;;;;;;;;;
cg02129146,cg02129146,64787366,TTCAATACTCATCATTAATATTATTCTTTAAATAAAACRTTACCTATAAC,,,II,,,ACCACGACACCTGGCTGATTTTTGTATTTTTAATAGAGACAGGGTTTTTCTATGTTTGAA[CG]TTACAGGTAACGTTTTACTCAAAGAATAATATTAATGATGAGTATTGAAGCAAGTCAATA,37,Y,7138198,TCAATACTCATCATTAATATTATTCTTTGAGTAAAACGTTACCTGTAACG,Y,7198198,F,,,,,,,,chrY:7141521-7143224,N_Shelf,,,,,,,;;;;;;;;;
cg02233183,cg02233183,65747325,CCAAAATAAATAAAATTTACAAACCCAACAACCAATAAATCTCCAAAATC,,,II,,,GGATTAGTTGCTCTTTGCATGAGGTTGTAGCTGTGGACGTGGGTTTTGTAGCGATTGGGA[CG]ACTCTGGAGATCTATTGGCTGCTGGGTTTGTAAATTTCATTCATTTTGGTCCAATGGCAG,37,Y,16634382,CAAAATGAATGAAATTTACAAACCCAGCAGCCAATAGATCTCCAGAGTCG,Y,15143776,F,,,,,NLGN4Y;NLGN4Y,NM_014893;NR_028318,TSS1500;TSS200,chrY:16635739-16636047,N_Shore,,,,,,,;;;;;;
cg02233190,cg02233190,74634349,TCTCTAATAAACTACTAACACACACTCTCTAACATCACCAAAAAACAACA,15738364,TCTCTAATAAACTACTAACGCGCACTCTCTAACGTCACCAAAAAACGACG,I,C,Grn,GTCAGTCATTTGGCCGTGCCTCAGCCGAAGAGAGGCGGGGAAAAGCATCGTAATCAGCTG[CG]TCGCCTTTTGGTGACGCCAGAGAGTGCGCGTCAGCAGTTTATTAGAGAGCTCTGTAGCCA,37,Y,22737591,TCTCTAATAAACTGCTGACGCGCACTCTCTGGCGTCACCAAAAGGCGACG,Y,21146979,F,,,,,EIF1AY,NM_004681,TSS200,chrY:22737825-22738052,N_Shore,,,,Y:21146854-21147440,,,;;;;;;;;;
cg02272584,cg02272584,53731504,ATAAAAACAATAAAACCTCAACACTATCTCCCACAATTTACCCACATATC,,,II,,,AAAAAATGCACATGAGAACAATGGAGCCTCAGCACTATCTCCCACAATTTGCCCACATGT[CG]GACATGTCCGACAGTCAAAGGTACAATCCTCAAGAAAAATCAATGAATTTAACAAAAATT,37,Y,8146855,TGAGAACAATGGAGCCTCAGCACTATCTCCCACAATTTGCCCACATGTCG,Y,8206855,R,,,,,,,,chrY:8147877-8148210,N_Shore,,,,,,,;;;;;;;;;
cg02288797,cg02288797,29784405,CTAACATAAATAAAAAATTAATCTACACTAAAAAAAACCCCACTTTAACC,,,II,,,AGCCCCAGAGAGACCTGGGCGAGGGAGTGAGGGGGAGACTTGGGGTTTGGGGCAATCCTG[CG]GTCAAAGTGGGGTTCTCCCCAGTGCAGACCAATCTCTCACCCATGCCAGTAGGAACAGGC,37,Y,14532022,TGGCATGGGTGAGAGATTGGTCTGCACTGGGGAGAACCCCACTTTGACCG,Y,13042030,F,,,,,,,,chrY:14532115-14533600,N_Shore,,,,,,,;;;;;;;;;
cg02340092,cg02340092,19620379,ATCATAATAATAATCACCTCATAAAATAATTTAACTTCCTTTATCTTTTC,,,II,,,CTATGATACTGAGGCTGGCTATGTCACTATTAAAAAAAAAAAAAAAGAAAAAAAAAGATA[CG]AAAAGATAAAGGAAGTTAAATCATTTTATGAGGTGACTATTATCATGACTGGCATCAAAT,37,Y,16945913,TCATGATAATAGTCACCTCATAAAATGATTTAACTTCCTTTATCTTTTCG,Y,15455307,F,,,,,NLGN4Y;NLGN4Y;NLGN4Y,NR_028318;NM_014893;NR_028319,Body;Body;Body,chrY:16941822-16942188,S_Shelf,,,,,,,;;;
cg02352633,cg02352633,32803433,TCCACCRCRAATAATAATAAATACCTATAACTCCAACTACTTAATAAACC,,,II,,,GTGGCATGATCTCAGCTCACTACAACCTCCGCCTCACAGGTTCAACTGATTCCCCTGCCT[CG]GCCTACCAAGTAGCTGGAGCTACAGGCACTTACCACCACTCGCGGTGGATTTTTTGTATT,37,Y,23561638,CGGCCTACCAAGTAGCTGGAGCTACAGGCACTTACCACCACTCGCGGTGG,Y,21971026,F,,,,,RBMY2EP,NR_001574,Body,,,,,,,,,;;;;;;;;;
cg02402208,cg02402208,19740380,CCCRAACCCCCAAAACCTAAAAATACAAAACATAAACTAAACTAAACTAC,,,II,,,AGCATTGCCTCCAGCCTGAACACAGTGCTCTCCTGGGTGCTCCCACAGCCCCCGGGCCTG[CG]CAGCCTAGCCCAGCCCATGTCCTGCACCCCTAGGCTCTGGGGGCCCGGGCTCCAACAGAC,37,Y,9384707,CCGGGCCCCCAGAGCCTAGGGGTGCAGGACATGGGCTGGGCTAGGCTGCG,Y,9994707,F,,,,,,,,chrY:9385471-9385777,N_Shore,,,,Y:9993394-9995882,,,;;;;;;;;;
cg02407581,cg02407581,50748309,ACCCACAACCCAAATACAACCACACAAACAAACCACCCAAAAATTAAAAC,,,II,,,GAGCCCACAGAGCCCACAGCCCAAGTACAGCCACACAGACAGGCCACCCAAAGGTTAAGA[CG]CTAAAAAATAAAAAGCCCTGCAGTGTGTTAGCCACATTCCTTTAAGGAGAAACAACTTAG,37,Y,8553302,CCCACAGCCCAAGTACAGCCACACAGACAGGCCACCCAAAGGTTAAGACG,Y,8613302,R,,,,,TTTY18,NR_001550,TSS1500,,,,,,,,,;;;;;;;;;
cg02432075,cg02432075,72614464,ACAACRAAACTCAACTTTTAAAAACTACCRCAACAATTCTTAATTTAATC,,,II,,,CCGTCTTGACGAAAGAACCGAGAGATGGATGCGCTAAGGTCTAAAGATACCTTTCTCCCT[CG]ACTAAATTAAGAATTGCTGCGGCAGTTCCCAAAAGCTGAGTCCCGCTGCAGCTGCCAGGT,37,Y,4870822,CAGCGGGACTCAGCTTTTGGGAACTGCCGCAGCAATTCTTAATTTAGTCG,Y,4930822,F,,,,,PCDH11Y,NM_032971,5'UTR,chrY:4870744-4871225,Island,,,,Y:4930550-4931280,,,;;;;;;;;;
cg02494853,cg02494853,58788384,CTATCTAAACAAAAAAAACCATAAACAATAACTACACTCAACTACCCACA,71607362,CTATCTAAACGAAAAAAACCGTAAACAATAACTACACTCAACTACCCGCG,I,C,Grn,GCAGTCGGCGAACTGTCTGGGCGGGAGGAGCCGTGAGCAGTAGCTGCACTCAGCTGCCCG[CG]CGGCAAAGAGGAAGGCAAGCCAAACAGAGTGCGCAGAGTGGCAGTGCCAGCGGCGACACA,37,Y,4868397,CGCGGGCAGCTGAGTGCAGCTACTGCTCACGGCTCCTCCCGCCCAGACAG,Y,4928397,R,,,,,PCDH11Y;PCDH11Y,NM_032971;NM_032971,5'UTR;1stExon,chrY:4867956-4868586,Island,,,,Y:4927957-4928608,,,;;;;;;
cg02522936,cg02522936,29680371,CAATTTAATTCCTTACTACTCTTTCTATCTAACCCCAATTTAACACACTC,,,II,,,ATTTCCATCATGGTTAAAGTGATGGGTTAGCAGGACTATGGGTGAGCTATCTACTTACAG[CG]AGTGTGTCAAATTGGGGTCAGACAGAAAGAGCAGCAAGGAACTAAACTGGGCCATGGTGA,37,Y,22680010,AGTTTAGTTCCTTGCTGCTCTTTCTGTCTGACCCCAATTTGACACACTCG,Y,21089398,F,,,,,TTTY10,NR_001542,Body,,,,,,,,,;;;;;;;;;
cg02577797,cg02577797,21692489,TCTAAAAACCTACAACAATAAAATCTATCRCCTTAACTAAAACTAACRCC,,,II,,,GAGGGCGGGGGTCTAAGGGCCTGCAACAATGAGATCTGTCGCCTTGGCTAGGACTGGCGC[CG]AGAGGCGATAGGTCTCGGGAGAGCCTGGCGCAGGGTGTGGGAGATTAGGAATCCCAGGTC,37,Y,2802968,CGGCGCCAGTCCTAGCCAAGGCGACAGATCTCATTGTTGCAGGCCCTTAG,Y,2862968,R,,,,,ZFY;ZFY;ZFY,NM_003411;NM_001145276;NM_001145275,TSS1500;TSS200;TSS1500,chrY:2802964-2804283,Island,,,,Y:2862947-2864321,,,;;;
cg02582450,cg02582450,43779367,AAACAATCTACTTTCTTCTTAACCCTAAACRAACAACCTAAAATAACCRC,,,II,,,CAGCCAGCTCGACGCAACCCAACGTACTCTGGAAGCCGGCCAGGGGCGCAGGGCCTCCAG[CG]CGGCCACTCTAGGTTGTCCGCCCAGGGCCAAGAAGAAAGCAGACTGCCTCACCACCCCTG,37,Y,14075806,CGCGGCCACTCTAGGTTGTCCGCCCAGGGCCAAGAAGAAAGCAGACTGCC,Y,12585806,F,,,,,,,,chrY:14075675-14076160,Island,,,,Y:12585676-12586160,,,;;;;;;;;;
cg02606988,cg02606988,57736403,TCCCTTAAAAATAACTTTATTCACTAAAAAACCTCTTCCRCTCTAAACTC,,,II,,,GAGAAACCCTTGGTGATGCCGAGCAGCAGACGTTTGGGGCATCTTTTTGAAGAGCAGAAG[CG]AGTTCAGAGCGGAAGAGGTTTTTCAGTGAATAAAGCTATTTTTAAGGGAGTGTGATTGCT,37,Y,9216456,CCCTTAAAAATAGCTTTATTCACTGAAAAACCTCTTCCGCTCTGAACTCG,Y,9276456,F,,,,,TSPY4;TSPY4,NM_001164471;NM_001164471,Body;Body,chrY:9215484-9216005,S_Shore,,,,Y:9273327-9276468,,,;;;;;;
cg02616328,cg02616328,60761353,CTCAAAAATCATAACCRAATTTTTTTTCCAAATACCRCCTTCAAAATAAC,,,II,,,ATGGCGGCTGCTAGGCGCCTGCTGCTGGGGAGTATTGAGAGTGTTGTCGGGAGGCGGAGC[CG]CCATCTTGAAGGCGGTATCTGGAAAAAAAATTCGGTTATGATCCTTGAGGCGGGGATGGG,37,Y,2803947,TCAAGGATCATAACCGAATTTTTTTTCCAGATACCGCCTTCAAGATGGCG,Y,2863947,F,,,,,ZFY;ZFY;ZFY,NM_003411;NM_001145275;NM_001145276,5'UTR;5'UTR;5'UTR,chrY:2802964-2804283,Island,,,,Y:2862947-2864321,,,;;;
cg02624968,cg02624968,42743346,TACAACCCCAAACATCTAAAAACATCACAAACRTATTATTTCTCAATCTC,,,II,,,CGACCCCCAAGCGGTCAGCATCCCCCAACTTCTTAGAGGGATAAGTGGCATTTAGCCACC[CG]AGATTGAGAAATAACACGTCTGTGATGCCCTTAGATGTCTGGGGCTGCACGCACGCTACA,37,Y,10036321,GCAGCCCCAGACATCTAAGGGCATCACAGACGTGTTATTTCTCAATCTCG,Y,10646321,F,rs75587805,,,,,,,chrY:10036737-10037179,N_Shore,low-CpG:10646230-10646507,,,Y:10645892-10646642,Y:10034909-10036729,Unclassified,;;;;;;;;;
cg02730008,cg02730008,28767425,CAAAAATATCATTCCTATAACTCAACTTTCAAACCAATAAAAACCTATAC,,,II,,,TTGCTTTACCTTCTGCCAAAGGCAAGAGGAACGCCAGTGAGGAAGAGGTCCGGGGTGGGG[CG]CATAGGCCTCCACTGGTCTGAAAGCTGAGTCACAGGAATGATATCCCTGTAGCTGACCAG,37,Y,15814320,AGGGATATCATTCCTGTGACTCAGCTTTCAGACCAGTGGAGGCCTATGCG,Y,14323714,F,,,,,TMSB4Y,NM_004202,TSS1500,chrY:15815488-15815779,N_Shore,,,,,,,;;;;;;;;;
cg02802508,cg02802508,54621330,CATTCACRAAACCCAACTCCAAATAAAAAACCTCCAATAAATCCATTAAC,,,II,,,GTGGCCTGGGGCATTCACGGAGCCCAGCTCCAAGTGAAGGACCTCCAGTGAGTCCATTGA[CG]GCCCCGGTGTGCTCGGTCCAGGGCCAGGCTGTGCCCGCTGGCCCTCCTTCTGCCACCCCA,37,Y,9214477,ATTCACGGAGCCCAGCTCCAAGTGAAGGACCTCCAGTGAGTCCATTGACG,Y,9274477,R,,,,,TSPY4;FAM197Y2;TSPY4,NM_001164471;NR_001553;NM_001164471,TSS1500;TSS1500;Body,chrY:9215484-9216005,N_Shore,,,,Y:9273327-9276468,,,;;;
cg02839557,cg02839557,59718411,TACACAACAACACAAAAAATTAACACTAACAATAACCACCACTAAAAACA,70747408,TACACGACGACGCAAAAAATTAACACTAACGATAACCACCACTAAAAACG,I,A,Red,GCGGCGAGTGGGTGCCCTCTCGCTCTCAGTCCTCCCGGTCCGCGTTTGCATGCTAGCGGC[CG]CTCCCAGTGGTGGTCACCGCCAGTGCCAATCCCTTGCGCCGCCGTGCAGTCCCGCCCTCT,37,Y,6778641,TGCACGGCGGCGCAAGGGATTGGCACTGGCGGTGACCACCACTGGGAGCG,Y,6838641,F,,,,,TBL1Y;TBL1Y;TBL1Y,NM_134259;NM_033284;NM_134258,TSS200;TSS200;TSS200,chrY:6778574-6780028,Island,,,,Y:6838022-6839951,,,;;;
cg02842889,cg02842889,72679367,ACACACAACCAACTAAAACAATAATACACAAATAATAATAACAACAAACA,26669351,ACACGCAACCAACTAAAACGATAATACGCAAATAATAATAACGACGAACG,I,C,Grn,GGCCGCTTGCCTGCACGCAACCAACTAAGGCGGTGGTGCGCAAGTAGTGGTGACGGCGGG[CG]CGCGGAGAAAAGGAACGTTGTGACGGAAACTCCAGCTGCCGGAGACCCCACCGCAGTGAG,37,Y,2803127,CGCCCGCCGTCACCACTACTTGCGCACCACCGCCTTAGTTGGTTGCGTGC,Y,2863127,R,,,,,ZFY;ZFY;ZFY;ZFY,NM_003411;NM_001145276;NM_001145275;NM_001145276,TSS1500;1stExon;TSS1500;5'UTR,chrY:2802964-2804283,Island,,,,Y:2862947-2864321,,,
cg02884332,cg02884332,28630385,ATCAACAACAAAAACCCRCTATCTTCCRAAAAAAACCCCACAAAAATAAC,,,II,,,GCACTGTGTTCGGGAAAGGAGCTGGGAATGCCCTATTTGGTCACATTGGGGTGGGACAGA[CG]CCATTTTTGTGGGGCCTCCTTCGGAAGATAGCGGGCTTTTGCTGCTGATTTCACGCCAGA,37,Y,22737946,CGCCATTTTTGTGGGGCCTCCTTCGGAAGATAGCGGGCTTTTGCTGCTGA,Y,21147334,F,,,,,EIF1AY,NM_004681,Body,chrY:22737825-22738052,Island,,,,Y:21146854-21147440,,,;;;;;;;;;
cg03052502,cg03052502,31713501,ATAAATTATTTAACACACCCAAAATATCAACATAAATCAAAAAACATACA,40601382,ATAAATTATTTAACACACCCGAAATATCGACGTAAATCGAAAAACATACG,I,A,Red,CCACAGACCCAGGCTCCCCAGCCTGACCTGCAAATCCATCACGTAGCAAAGCAGGACTTC[CG]CATGCTTTCCGACCCACGCCGACATCTCGGGTGTGCCAAACAATCTACCTCTGCGCAAGA,37,Y,9193029,CGCATGCTTTCCGACCCACGCCGACATCTCGGGTGTGCCAAACAATCTAC,Y,9253029,F,rs55694997,,,,FAM197Y2,NR_001553,TSS1500,chrY:9193597-9194776,N_Shore,,,,,,,;;;;;;;;;
cg03055837,cg03055837,13739374,AACATCTTTAACTATTTAAAATCACAATCTCCAACAATCCCTATATCTAC,,,II,,,AATTTTCGCTGCTCTTAAAATTTTTTTTAATATCATTGCTTCCCAATTGACTCACAATAA[CG]CAGACATAGGGACTGCTGGAGACTGTGACCTTAAACAGTTAAAGATGTCTGCATATACGA,37,Y,16634126,CGCAGACATAGGGACTGCTGGAGACTGTGACCTTAAACAGTTAAAGATGT,Y,15143520,F,,,,,NLGN4Y;NLGN4Y,NR_028318;NM_014893,TSS1500;TSS1500,chrY:16635739-16636047,N_Shore,,,,,,,;;;;;;
cg03123709,cg03123709,27808379,CAAATCTTAAAAACATATTTTCTTCTTAACTTACTTTATTACACACTTAC,,,II,,,ATTTAGAGTTCAGCTATATTGTTGCATGTAGTGAGAAGGGACTTAATTACAAACTTAAGA[CG]TAAGTGTGCAATAAAGTAAGCTAAGAAGAAAATATGCTTCTAAGACCTGTATTTACTTGG,37,Y,15817871,AGGTCTTAGAAGCATATTTTCTTCTTAGCTTACTTTATTGCACACTTACG,Y,14327265,F,,,,,TMSB4Y,NM_004202,3'UTR,chrY:15815488-15815779,S_Shelf,,,,,,,;;;;;;;;;
cg03155755,cg03155755,52672419,CCAAAAAAAACACTACCTTCAAAATAAAAACTATACAAAAAAAACAACCA,29719450,CCGAAAAAAACACTACCTTCAAAATAAAAACTATACAAAAAAAACGACCG,I,A,Red,GTGTGTGCGGTGCCGAGGAGGGCACTGCCTTCAGGATGGAGGCTGTACAGGAGGGGCGGC[CG]GGGTGGAGAGTGAGCAGGCGGCTTTGGGAGTTGGAGGCAGTGCTGGTGGCAGATGACATA,37,Y,9385861,CGGCCGCCCCTCCTGTACAGCCTCCATCCTGAAGGCAGTGCCCTCCTCGG,Y,9995861,R,,,,,,,,chrY:9385471-9385777,S_Shore,,,,Y:9993394-9995882,,,;;;;;;;;;
cg03244189,cg03244189,14749415,ATAAAAACACTAAAAATAACAACTACAACCAAAACCAAACAACAAAAACA,45763392,ATAAAAACGCTAAAAATAACAACTACGACCAAAACCGAACAACGAAAACG,I,C,Grn,CTACTAATAATAATAGGGACGCTGAGAATAACAACTACGACCAGAACCGAACAGCGAAGG[CG]CCCCTGTTGTGTGTTAGAAGTCGGCGCCCCCCGAGTTCCGCAGCAGTCAACACCTGCCCA,37,Y,21238472,ATAGGGACGCTGAGAATAACAACTACGACCAGAACCGAACAGCGAAGGCG,Y,19697860,R,,,TRUE,,TTTY14,NR_001543,Body,chrY:21238448-21240005,Island,,,,Y:19697854-19699393,,,;;;;;;;;;
cg03258315,cg03258315,55678375,RCRCACTAAAAAACCCTCTCTATAATACTAATCCTACTTTAAAATCATCC,,,II,,,TGCCCAAGCGCGCGCACTGGGGGGCCCTCTCTGTGGTGCTGATCCTGCTTTGGGGTCATC[CG]CGAGTGGCGCTGGCCTGCCCTCATCCTTGTGCCTGCTACGTCCCCAGCGAGGTCCACTGC,37,Y,14077975,CGCACTGGGGGGCCCTCTCTGTGGTGCTGATCCTGCTTTGGGGTCATCCG,Y,12587975,R,,,,,,,,chrY:14077836-14078044,Island,,,,Y:12587870-12588064,,,;;;;;;;;;
cg03266527,cg03266527,59714432,AAAACCCTACTAAACAAAATAAAAACAACCAAACRCAAAATCTTTAATCC,,,II,,,AGAGCCAAAATAAATACTGGCTGGGCGGTAAGGAACGCGGGGCCTTGGTAGAGCAAAGTG[CG]GACCAAAGACTTTGCGTCTGGTTGCTTTTACCTTGCCTAGTAGGGTCTTCGTTCTGGCGC,37,Y,15591101,CGGACCAAAGACTTTGCGTCTGGTTGCTTTTACCTTGCCTAGTAGGGTCT,Y,14100495,F,,,,,UTY;UTY;UTY,NM_182660;NM_007125;NM_182659,Body;Body;Body,chrY:15591259-15591720,N_Shore,,,,Y:14100298-14101457,,,;;;
cg03278611,cg03278611,32690350,ATTACTCAATAAAAACTATTTCTATCCTACAAATTTTCATTTACATATCC,,,II,,,TCACAGCCTTCATTGCTCAGTAAAAGCTGTTTCTGTCCTGCAGGTTTTCATTTGCATGTC[CG]CAATTTTGCACCTGCAGGTCTCTTCCAGAAGGCCATCATTCAGAGCGGCACTGCCCTGTC,37,Y,16941591,CGGACATGCAAATGAAAACCTGCAGGACAGAAACAGCTTTTACTGAGCAA,Y,15450985,R,,,,,NLGN4Y;NLGN4Y;NLGN4Y,NR_028318;NM_014893;NR_028319,Body;Body;Body,chrY:16941822-16942188,N_Shore,,,,,,,;;;
cg03359666,cg03359666,44662374,TATAATCCTAACCTAACAAAATTTATCCCAAAACAAAACAAAATCACTCC,,,II,,,ACTCGGTCTTCTGTGGTCCTGGCCTGACAGAATTTGTCCCAAGGCAGGACAAGGTCACTC[CG]AGCAGTGTGTCAGTAGGTGGGGCCTCTGCATGCGAGGCAAGGCCAAGCTGGCTCAAAGAG,37,Y,13332435,CGGAGTGACCTTGTCCTGCCTTGGGACAAATTCTGTCAGGCCAGGACCAC,Y,11792435,R,,rs74706542,,,,,,chrY:13328678-13329051,S_Shelf,,,,,,,;;;;;;;;;
cg03416979,cg03416979,22711327,AATAACCACATTCACAAAAAAAACCCTATTTAATAAAAAATACACATAAC,,,II,,,GTATTTTGAATGATGACCACATTCACAGAGAAAACCCTGTTTAATAAAAAGTGCACATGG[CG]CCTTAGCACCATCTCCCACAACTTGCCCACATGTCGGACATATCCGACAGTTAAAGGTAG,37,Y,23566288,CGCCATGTGCACTTTTTATTAAACAGGGTTTTCTCTGTGAATGTGGTCAT,Y,21975676,R,,,,,,,,chrY:23566571-23566864,N_Shore,,,,,,,;;;;;;;;;
